batch,conc,docs,tokens,docs_s,toks_s,p50_s,p95_s,errors,dur
32,96,11845,4908558,163.32248327346574,67680.6991854653,18.336231641999802,20.110995972399543,0,72.52522593699996
